<?xml version="1.0" encoding="UTF-8" ?>
<!DOCTYPE mapper
PUBLIC "-//mybatis.org//DTD Mapper 3.0//EN"
"http://mybatis.org/dtd/mybatis-3-mapper.dtd">
<mapper namespace="com.ty.mapper.AdminsMapper">
    
    <resultMap type="Admins" id="AdminsResult">
        <result property="adminId"    column="admin_id"    />
        <result property="adminName"    column="admin_name"    />
        <result property="adminEmail"    column="admin_email"    />
        <result property="adminPhone"    column="admin_phone"    />
        <result property="password"    column="password"    />
    </resultMap>

    <sql id="selectAdminsVo">
        select admin_id, admin_name, admin_email, admin_phone,password from admins
    </sql>

    <select id="selectAdminsList" parameterType="Admins" resultMap="AdminsResult">
        <include refid="selectAdminsVo"/>
        <where>  
            <if test="adminName != null  and adminName != ''"> and admin_name like concat('%', #{adminName}, '%')</if>
            <if test="adminEmail != null  and adminEmail != ''"> and admin_email like concat('%', #{adminEmail}, '%')</if>
            <if test="adminPhone != null  and adminPhone != ''"> and admin_phone = #{adminPhone}</if>
        </where>
    </select>
    
    <select id="selectAdminsById" parameterType="Long" resultMap="AdminsResult">
        <include refid="selectAdminsVo"/>
        where admin_id = #{adminId}
    </select>
        
    <insert id="insertAdmins" parameterType="Admins">
        insert into admins
        <trim prefix="(" suffix=")" suffixOverrides=",">
            <if test="adminId != null ">admin_id,</if>
            <if test="adminName != null  and adminName != ''">admin_name,</if>
            <if test="adminEmail != null  and adminEmail != ''">admin_email,</if>
            <if test="adminPhone != null  and adminPhone != ''">admin_phone,</if>
         </trim>
        <trim prefix="values (" suffix=")" suffixOverrides=",">
            <if test="adminId != null ">#{adminId},</if>
            <if test="adminName != null  and adminName != ''">#{adminName},</if>
            <if test="adminEmail != null  and adminEmail != ''">#{adminEmail},</if>
            <if test="adminPhone != null  and adminPhone != ''">#{adminPhone},</if>
         </trim>
    </insert>

    <update id="updateAdmins" parameterType="Admins">
        update admins
        <trim prefix="SET" suffixOverrides=",">
            <if test="adminName != null  and adminName != ''">admin_name = #{adminName},</if>
            <if test="adminEmail != null  and adminEmail != ''">admin_email = #{adminEmail},</if>
            <if test="adminPhone != null  and adminPhone != ''">admin_phone = #{adminPhone},</if>
        </trim>
        where admin_id = #{adminId}
    </update>

    <delete id="deleteAdminsById" parameterType="Long">
        delete from admins where admin_id = #{adminId}
    </delete>

    <delete id="deleteAdminsByIds" parameterType="String">
        delete from admins where admin_id in 
        <foreach item="adminId" collection="array" open="(" separator="," close=")">
            #{adminId}
        </foreach>
    </delete>
    
</mapper>