<?xml version="1.0" encoding="UTF-8" ?>
<!DOCTYPE mapper
PUBLIC "-//mybatis.org//DTD Mapper 3.0//EN"
"http://mybatis.org/dtd/mybatis-3-mapper.dtd">
<mapper namespace="com.ty.mapper.ContactMapper">
    
    <resultMap type="Contact" id="ContactResult">
        <result property="userId"    column="user_id"    />
        <result property="replyTime"    column="reply_time"    />
        <result property="createTime"    column="create_time"    />
        <result property="reply"    column="reply"    />
        <result property="message"    column="message"    />
        <result property="phone"    column="phone"    />
        <result property="email"    column="email"    />
        <result property="contactId"    column="contact_id"    />
        <result property="name"    column="name"    />
    </resultMap>

    <sql id="selectContactVo">
        select user_id, reply_time, create_time, reply, message, phone, email, contact_id, name from contact
    </sql>

    <select id="selectContactList" parameterType="Contact" resultMap="ContactResult">
        <include refid="selectContactVo"/>
        <where>  
            <if test="userId != null "> and user_id = #{userId}</if>
            <if test="replyTime != null "> and reply_time = #{replyTime}</if>
            <if test="reply != null  and reply != ''"> and reply = #{reply}</if>
            <if test="message != null  and message != ''"> and message = #{message}</if>
            <if test="phone != null  and phone != ''"> and phone = #{phone}</if>
            <if test="email != null  and email != ''"> and email = #{email}</if>
        </where> 
    </select> 
    
    <select id="selectContactById" parameterType="Long" resultMap="ContactResult">
        <include refid="selectContactVo"/>
        where contact_id = #{contactId}
    </select>
        
    <insert id="insertContact" parameterType="Contact" useGeneratedKeys="true" keyProperty="contactId">
        insert into contact
        <trim prefix="(" suffix=")" suffixOverrides=",">
            <if test="userId != null ">user_id,</if>
            <if test="replyTime != null ">reply_time,</if>
            <if test="createTime != null ">create_time,</if>
            <if test="reply != null  and reply != ''">reply,</if>
            <if test="message != null  and message != ''">message,</if>
            <if test="phone != null  and phone != ''">phone,</if>
            <if test="email != null  and email != ''">email,</if>
         </trim>
        <trim prefix="values (" suffix=")" suffixOverrides=",">
            <if test="userId != null ">#{userId},</if>
            <if test="replyTime != null ">#{replyTime},</if>
            <if test="createTime != null ">#{createTime},</if>
            <if test="reply != null  and reply != ''">#{reply},</if>
            <if test="message != null  and message != ''">#{message},</if>
            <if test="phone != null  and phone != ''">#{phone},</if>
            <if test="email != null  and email != ''">#{email},</if>
         </trim>
    </insert>

    <update id="updateContact" parameterType="Contact">
        update contact
        <trim prefix="SET" suffixOverrides=",">
            <if test="userId != null ">user_id = #{userId},</if>
            <if test="replyTime != null ">reply_time = #{replyTime},</if>
            <if test="createTime != null ">create_time = #{createTime},</if>
            <if test="reply != null  and reply != ''">reply = #{reply},</if>
            <if test="message != null  and message != ''">message = #{message},</if>
            <if test="phone != null  and phone != ''">phone = #{phone},</if>
            <if test="email != null  and email != ''">email = #{email},</if>
        </trim>
        where contact_id = #{contactId}
    </update>

    <delete id="deleteContactById" parameterType="Long">
        delete from contact where contact_id = #{contactId}
    </delete>

    <delete id="deleteContactByIds" parameterType="String">
        delete from contact where contact_id in 
        <foreach item="contactId" collection="array" open="(" separator="," close=")">
            #{contactId}
        </foreach>
    </delete>
    
</mapper>