<?xml version="1.0" encoding="UTF-8" ?>
<!DOCTYPE mapper
PUBLIC "-//mybatis.org//DTD Mapper 3.0//EN"
"http://mybatis.org/dtd/mybatis-3-mapper.dtd">
<mapper namespace="com.ty.mapper.InvoicesMapper">
    
    <resultMap type="Invoices" id="InvoicesResult">
        <result property="invoiceId"    column="invoice_id"    />
        <result property="userId"    column="user_id"    />
        <result property="orderId"    column="order_id"    />
        <result property="invoiceContent"    column="invoice_content"    />
        <result property="invoiceDate"    column="invoice_date"    />
    </resultMap>

    <sql id="selectInvoicesVo">
        select invoice_id, user_id, order_id, invoice_content, invoice_date from invoices
    </sql>

    <select id="selectInvoicesList" parameterType="Invoices" resultMap="InvoicesResult">
        <include refid="selectInvoicesVo"/>
        <where>  
            <if test="userId != null "> and user_id = #{userId}</if>
            <if test="orderId != null "> and order_id = #{orderId}</if>
            <if test="invoiceContent != null  and invoiceContent != ''"> and invoice_content = #{invoiceContent}</if>
            <if test="invoiceDate != null "> and invoice_date = #{invoiceDate}</if>
        </where>
    </select>
    
    <select id="selectInvoicesById" parameterType="Long" resultMap="InvoicesResult">
        <include refid="selectInvoicesVo"/>
        where invoice_id = #{invoiceId}
    </select>
        
    <insert id="insertInvoices" parameterType="Invoices" useGeneratedKeys="true" keyProperty="invoiceId">
        insert into invoices
        <trim prefix="(" suffix=")" suffixOverrides=",">
            <if test="userId != null ">user_id,</if>
            <if test="orderId != null ">order_id,</if>
            <if test="invoiceContent != null  and invoiceContent != ''">invoice_content,</if>
            <if test="invoiceDate != null ">invoice_date,</if>
         </trim>
        <trim prefix="values (" suffix=")" suffixOverrides=",">
            <if test="userId != null ">#{userId},</if>
            <if test="orderId != null ">#{orderId},</if>
            <if test="invoiceContent != null  and invoiceContent != ''">#{invoiceContent},</if>
            <if test="invoiceDate != null ">#{invoiceDate},</if>
         </trim>
    </insert>

    <update id="updateInvoices" parameterType="Invoices">
        update invoices
        <trim prefix="SET" suffixOverrides=",">
            <if test="userId != null ">user_id = #{userId},</if>
            <if test="orderId != null ">order_id = #{orderId},</if>
            <if test="invoiceContent != null  and invoiceContent != ''">invoice_content = #{invoiceContent},</if>
            <if test="invoiceDate != null ">invoice_date = #{invoiceDate},</if>
        </trim>
        where invoice_id = #{invoiceId}
    </update>

    <delete id="deleteInvoicesById" parameterType="Long">
        delete from invoices where invoice_id = #{invoiceId}
    </delete>

    <delete id="deleteInvoicesByIds" parameterType="String">
        delete from invoices where invoice_id in 
        <foreach item="invoiceId" collection="array" open="(" separator="," close=")">
            #{invoiceId}
        </foreach>
    </delete>
    
</mapper>