<?xml version="1.0" encoding="UTF-8" ?>
<!DOCTYPE mapper
PUBLIC "-//mybatis.org//DTD Mapper 3.0//EN"
"http://mybatis.org/dtd/mybatis-3-mapper.dtd">
<mapper namespace="com.ty.mapper.OrdersMapper">
    
    <resultMap type="Orders" id="OrdersResult">
        <result property="freeShipping"    column="free_shipping"    />
        <result property="paymentInfoId"    column="payment_info_id"    />
        <result property="deliveryAddress"    column="delivery_address"    />
        <result property="subtotal"    column="subtotal"    />
        <result property="orderStatus"    column="order_status"    />
        <result property="orderDate"    column="order_date"    />
        <result property="userId"    column="user_id"    />
        <result property="orderId"    column="order_id"    />
    </resultMap>

    <sql id="selectOrdersVo">
        select free_shipping, payment_info_id, delivery_address, subtotal, order_status, order_date, user_id, order_id from orders
    </sql>

    <select id="selectOrdersList" parameterType="Orders" resultMap="OrdersResult">
        SELECT
			o.*,
			u.username,
			pi.card_number cardNumber,
			pi.expiration_date expirationDate,
			pi.security_code securityCode 
		FROM
			orders o
			LEFT JOIN users u ON u.user_id = o.user_id
			LEFT JOIN payment_info pi ON pi.payment_info_id = o.payment_info_id
        <where>  
            <if test="freeShipping != null "> and free_shipping = #{freeShipping}</if>
            <if test="paymentInfoId != null "> and payment_info_id = #{paymentInfoId}</if>
            <if test="deliveryAddress != null  and deliveryAddress != ''"> and delivery_address = #{deliveryAddress}</if>
            <if test="subtotal != null "> and subtotal = #{subtotal}</if>
            <if test="orderStatus != null  and orderStatus != ''"> and order_status = #{orderStatus}</if>
            <if test="orderDate != null "> and order_date = #{orderDate}</if>
            <if test="userId != null "> and user_id = #{userId}</if>
        </where>
    </select>
    
    <select id="selectOrdersById" parameterType="Long" resultMap="OrdersResult">
        <include refid="selectOrdersVo"/>
        where order_id = #{orderId}
    </select>
        
    <insert id="insertOrders" parameterType="Orders">
        insert into orders
        <trim prefix="(" suffix=")" suffixOverrides=",">
            <if test="num != null ">num,</if>
            <if test="productsId != null ">products_id,</if>
            <if test="freeShipping != null ">free_shipping,</if>
            <if test="paymentInfoId != null ">payment_info_id,</if>
            <if test="deliveryAddress != null  and deliveryAddress != ''">delivery_address,</if>
            <if test="subtotal != null ">subtotal,</if>
            <if test="orderStatus != null  and orderStatus != ''">order_status,</if>
            <if test="orderDate != null ">order_date,</if>
            <if test="userId != null ">user_id,</if>
            <if test="orderId != null ">order_id,</if>
         </trim>
        <trim prefix="values (" suffix=")" suffixOverrides=",">
            <if test="num != null ">#{num},</if>
            <if test="productsId != null ">#{productsId},</if>
            <if test="freeShipping != null ">#{freeShipping},</if>
            <if test="paymentInfoId != null ">#{paymentInfoId},</if>
            <if test="deliveryAddress != null  and deliveryAddress != ''">#{deliveryAddress},</if>
            <if test="subtotal != null ">#{subtotal},</if>
            <if test="orderStatus != null  and orderStatus != ''">#{orderStatus},</if>
            <if test="orderDate != null ">#{orderDate},</if>
            <if test="userId != null ">#{userId},</if>
            <if test="orderId != null ">#{orderId},</if>
         </trim>
    </insert>

    <update id="updateOrders" parameterType="Orders">
        update orders
        <trim prefix="SET" suffixOverrides=",">
            <if test="num != null ">num = #{num},</if>
            <if test="productsId != null ">products_id = #{productsId},</if>
            <if test="freeShipping != null ">free_shipping = #{freeShipping},</if>
            <if test="paymentInfoId != null ">payment_info_id = #{paymentInfoId},</if>
            <if test="deliveryAddress != null  and deliveryAddress != ''">delivery_address = #{deliveryAddress},</if>
            <if test="subtotal != null ">subtotal = #{subtotal},</if>
            <if test="orderStatus != null  and orderStatus != ''">order_status = #{orderStatus},</if>
            <if test="orderDate != null ">order_date = #{orderDate},</if>
            <if test="userId != null ">user_id = #{userId},</if>
        </trim>
        where order_id = #{orderId}
    </update>

    <delete id="deleteOrdersById" parameterType="Long">
        delete from orders where order_id = #{orderId}
    </delete>

    <delete id="deleteOrdersByIds" parameterType="String">
        delete from orders where order_id in 
        <foreach item="orderId" collection="array" open="(" separator="," close=")">
            #{orderId}
        </foreach>
    </delete>
    
</mapper>