<?xml version="1.0" encoding="UTF-8" ?>
<!DOCTYPE mapper
PUBLIC "-//mybatis.org//DTD Mapper 3.0//EN"
"http://mybatis.org/dtd/mybatis-3-mapper.dtd">
<mapper namespace="com.ty.mapper.PaymentInfoMapper">
    
    <resultMap type="PaymentInfo" id="PaymentInfoResult">
        <result property="paymentInfoId"    column="payment_info_id"    />
        <result property="userId"    column="user_id"    />
        <result property="cardType"    column="card_type"    />
        <result property="cardNumber"    column="card_number"    />
        <result property="expirationDate"    column="expiration_date"    />
        <result property="securityCode"    column="security_code"    />
    </resultMap>

    <sql id="selectPaymentInfoVo">
        select payment_info_id, user_id, card_type, card_number, expiration_date, security_code from payment_info
    </sql>

    <select id="selectPaymentInfoList" parameterType="PaymentInfo" resultMap="PaymentInfoResult">
        <include refid="selectPaymentInfoVo"/>
        <where>  
            <if test="userId != null "> and user_id = #{userId}</if>
            <if test="cardType != null  and cardType != ''"> and card_type = #{cardType}</if>
            <if test="cardNumber != null  and cardNumber != ''"> and card_number = #{cardNumber}</if>
            <if test="expirationDate != null "> and expiration_date = #{expirationDate}</if>
            <if test="securityCode != null  and securityCode != ''"> and security_code = #{securityCode}</if>
        </where>
    </select>
    
    <select id="selectPaymentInfoById" parameterType="Long" resultMap="PaymentInfoResult">
        <include refid="selectPaymentInfoVo"/>
        where payment_info_id = #{paymentInfoId}
    </select>
        
    <insert id="insertPaymentInfo" parameterType="PaymentInfo" useGeneratedKeys="true" keyProperty="paymentInfoId">
        insert into payment_info
        <trim prefix="(" suffix=")" suffixOverrides=",">
            <if test="userId != null ">user_id,</if>
            <if test="cardType != null  and cardType != ''">card_type,</if>
            <if test="cardNumber != null  and cardNumber != ''">card_number,</if>
            <if test="expirationDate != null ">expiration_date,</if>
            <if test="securityCode != null  and securityCode != ''">security_code,</if>
         </trim>
        <trim prefix="values (" suffix=")" suffixOverrides=",">
            <if test="userId != null ">#{userId},</if>
            <if test="cardType != null  and cardType != ''">#{cardType},</if>
            <if test="cardNumber != null  and cardNumber != ''">#{cardNumber},</if>
            <if test="expirationDate != null ">#{expirationDate},</if>
            <if test="securityCode != null  and securityCode != ''">#{securityCode},</if>
         </trim>
    </insert>

    <update id="updatePaymentInfo" parameterType="PaymentInfo">
        update payment_info
        <trim prefix="SET" suffixOverrides=",">
            <if test="userId != null ">user_id = #{userId},</if>
            <if test="cardType != null  and cardType != ''">card_type = #{cardType},</if>
            <if test="cardNumber != null  and cardNumber != ''">card_number = #{cardNumber},</if>
            <if test="expirationDate != null ">expiration_date = #{expirationDate},</if>
            <if test="securityCode != null  and securityCode != ''">security_code = #{securityCode},</if>
        </trim>
        where payment_info_id = #{paymentInfoId}
    </update>

    <delete id="deletePaymentInfoById" parameterType="Long">
        delete from payment_info where payment_info_id = #{paymentInfoId}
    </delete>

    <delete id="deletePaymentInfoByIds" parameterType="String">
        delete from payment_info where payment_info_id in 
        <foreach item="paymentInfoId" collection="array" open="(" separator="," close=")">
            #{paymentInfoId}
        </foreach>
    </delete>
    
</mapper>