<?xml version="1.0" encoding="UTF-8" ?>
<!DOCTYPE mapper
PUBLIC "-//mybatis.org//DTD Mapper 3.0//EN"
"http://mybatis.org/dtd/mybatis-3-mapper.dtd">
<mapper namespace="com.ty.mapper.ProductsMapper">
    
    <resultMap type="Products" id="ProductsResult">
        <result property="carCompatibility"    column="car_compatibility"    />
        <result property="category"    column="category"    />
        <result property="stockQuantity"    column="stock_quantity"    />
        <result property="price"    column="price"    />
        <result property="productDescription"    column="product_description"    />
        <result property="productName"    column="product_name"    />
        <result property="productId"    column="product_id"    />
        <result property="brandName"    column="brand_name"    />
    </resultMap>

    <sql id="selectProductsVo">
        select car_compatibility, category, stock_quantity, price, product_description, product_name, product_id, brand_name from products
    </sql>

    <select id="selectProductsList" parameterType="Products" resultMap="ProductsResult">
        <include refid="selectProductsVo"/>
        <where>  
            <if test="carCompatibility != null  and carCompatibility != ''"> and car_compatibility = #{carCompatibility}</if>
            <if test="category != null  and category != ''"> and category = #{category}</if>
            <if test="stockQuantity != null "> and stock_quantity = #{stockQuantity}</if>
            <if test="price != null "> and price = #{price}</if>
            <if test="productDescription != null  and productDescription != ''"> and product_description = #{productDescription}</if>
            <if test="productName != null  and productName != ''"> and product_name like concat('%', #{productName}, '%')</if>
        </where>
    </select>
    
    <select id="selectProductsById" parameterType="Long" resultMap="ProductsResult">
        <include refid="selectProductsVo"/>
        where product_id = #{productId}
    </select>
        
    <insert id="insertProducts" parameterType="Products">
        insert into products
        <trim prefix="(" suffix=")" suffixOverrides=",">
            <if test="carCompatibility != null  and carCompatibility != ''">car_compatibility,</if>
            <if test="category != null  and category != ''">category,</if>
            <if test="stockQuantity != null ">stock_quantity,</if>
            <if test="price != null ">price,</if>
            <if test="productDescription != null  and productDescription != ''">product_description,</if>
            <if test="productName != null  and productName != ''">product_name,</if>
            <if test="productId != null ">product_id,</if>
         </trim>
        <trim prefix="values (" suffix=")" suffixOverrides=",">
            <if test="carCompatibility != null  and carCompatibility != ''">#{carCompatibility},</if>
            <if test="category != null  and category != ''">#{category},</if>
            <if test="stockQuantity != null ">#{stockQuantity},</if>
            <if test="price != null ">#{price},</if>
            <if test="productDescription != null  and productDescription != ''">#{productDescription},</if>
            <if test="productName != null  and productName != ''">#{productName},</if>
            <if test="productId != null ">#{productId},</if>
         </trim>
    </insert>

    <update id="updateProducts" parameterType="Products">
        update products
        <trim prefix="SET" suffixOverrides=",">
            <if test="carCompatibility != null  and carCompatibility != ''">car_compatibility = #{carCompatibility},</if>
            <if test="category != null  and category != ''">category = #{category},</if>
            <if test="stockQuantity != null ">stock_quantity = #{stockQuantity},</if>
            <if test="price != null ">price = #{price},</if>
            <if test="productDescription != null  and productDescription != ''">product_description = #{productDescription},</if>
            <if test="productName != null  and productName != ''">product_name = #{productName},</if>
        </trim>
        where product_id = #{productId}
    </update>

    <delete id="deleteProductsById" parameterType="Long">
        delete from products where product_id = #{productId}
    </delete>

    <delete id="deleteProductsByIds" parameterType="String">
        delete from products where product_id in 
        <foreach item="productId" collection="array" open="(" separator="," close=")">
            #{productId}
        </foreach>
    </delete>
    
</mapper>