<?xml version="1.0" encoding="UTF-8" ?>
<!DOCTYPE mapper
PUBLIC "-//mybatis.org//DTD Mapper 3.0//EN"
"http://mybatis.org/dtd/mybatis-3-mapper.dtd">
<mapper namespace="com.ty.mapper.ShoppingCartMapper">
    
    <resultMap type="ShoppingCart" id="ShoppingCartResult">
        <result property="quantity"    column="quantity"    />
        <result property="productId"    column="product_id"    />
        <result property="userId"    column="user_id"    />
        <result property="cartId"    column="cart_id"    />
    </resultMap>

    <sql id="selectShoppingCartVo">
        select quantity, product_id, user_id, cart_id from shopping_cart
    </sql>

    <select id="selectShoppingCartList" parameterType="ShoppingCart" resultMap="ShoppingCartResult">
        <include refid="selectShoppingCartVo"/>
        <where>  
            <if test="quantity != null "> and quantity = #{quantity}</if>
            <if test="productId != null "> and product_id = #{productId}</if>
            <if test="userId != null "> and user_id = #{userId}</if>
        </where>
    </select>
    
    <select id="selectShoppingCartById" parameterType="Integer" resultMap="ShoppingCartResult">
        <include refid="selectShoppingCartVo"/>
        where cart_id = #{cartId}
    </select>
        
    <insert id="insertShoppingCart" parameterType="ShoppingCart">
        insert into shopping_cart
        <trim prefix="(" suffix=")" suffixOverrides=",">
            <if test="quantity != null ">quantity,</if>
            <if test="productId != null ">product_id,</if>
            <if test="userId != null ">user_id,</if>
            <if test="cartId != null ">cart_id,</if>
         </trim>
        <trim prefix="values (" suffix=")" suffixOverrides=",">
            <if test="quantity != null ">#{quantity},</if>
            <if test="productId != null ">#{productId},</if>
            <if test="userId != null ">#{userId},</if>
            <if test="cartId != null ">#{cartId},</if>
         </trim>
    </insert>

    <update id="updateShoppingCart" parameterType="ShoppingCart">
        update shopping_cart
        <trim prefix="SET" suffixOverrides=",">
            <if test="quantity != null ">quantity = #{quantity},</if>
            <if test="productId != null ">product_id = #{productId},</if>
            <if test="userId != null ">user_id = #{userId},</if>
        </trim>
        where cart_id = #{cartId}
    </update>

    <delete id="deleteShoppingCartById" parameterType="Integer">
        delete from shopping_cart where cart_id = #{cartId}
    </delete>

    <delete id="deleteShoppingCartByIds" parameterType="String">
        delete from shopping_cart where cart_id in 
        <foreach item="cartId" collection="array" open="(" separator="," close=")">
            #{cartId}
        </foreach>
    </delete>
    <select id="getNumByUserId" parameterType="Integer" resultType="java.lang.Integer">
        SELECT sum(quantity) FROM shopping_cart where user_id=#{userId}
    </select>
    
    
</mapper>