<?xml version="1.0" encoding="UTF-8" ?>
<!DOCTYPE mapper
PUBLIC "-//mybatis.org//DTD Mapper 3.0//EN"
"http://mybatis.org/dtd/mybatis-3-mapper.dtd">
<mapper namespace="com.ty.mapper.UsersMapper">
    
    <resultMap type="Users" id="UsersResult">
        <result property="userId"    column="user_id"    />
        <result property="username"    column="username"    />
        <result property="password"    column="password"    />
        <result property="email"    column="email"    />
        <result property="phone"    column="phone"    />
        <result property="address"    column="address"    />
        <result property="isMember"    column="is_member"    />
        <result property="memberDiscount"    column="member_discount"    />
        <result property="registrationDate"    column="registration_date"    />
    </resultMap>

    <sql id="selectUsersVo">
        select user_id, username, password, email, phone, address, is_member, member_discount, registration_date from users
    </sql>

    <select id="selectUsersList" parameterType="Users" resultMap="UsersResult">
        <include refid="selectUsersVo"/>
        <where>  
            <if test="username != null  and username != ''"> and username like concat('%', #{username}, '%')</if>
            <if test="password != null  and password != ''"> and password = #{password}</if>
            <if test="email != null  and email != ''"> and email = #{email}</if>
            <if test="phone != null  and phone != ''"> and phone = #{phone}</if>
            <if test="address != null  and address != ''"> and address = #{address}</if>
            <if test="isMember != null "> and is_member = #{isMember}</if>
            <if test="memberDiscount != null "> and member_discount = #{memberDiscount}</if>
            <if test="registrationDate != null "> and registration_date = #{registrationDate}</if>
        </where>
    </select>
    
    <select id="selectUsersById" parameterType="Long" resultMap="UsersResult">
        <include refid="selectUsersVo"/>
        where user_id = #{userId}
    </select>
        
    <insert id="insertUsers" parameterType="Users">
        insert into users
        <trim prefix="(" suffix=")" suffixOverrides=",">
            <if test="userId != null ">user_id,</if>
            <if test="username != null  and username != ''">username,</if>
            <if test="password != null  and password != ''">password,</if>
            <if test="email != null  and email != ''">email,</if>
            <if test="phone != null  and phone != ''">phone,</if>
            <if test="address != null  and address != ''">address,</if>
            <if test="isMember != null ">is_member,</if>
            <if test="memberDiscount != null ">member_discount,</if>
            <if test="registrationDate != null ">registration_date,</if>
         </trim>
        <trim prefix="values (" suffix=")" suffixOverrides=",">
            <if test="userId != null ">#{userId},</if>
            <if test="username != null  and username != ''">#{username},</if>
            <if test="password != null  and password != ''">#{password},</if>
            <if test="email != null  and email != ''">#{email},</if>
            <if test="phone != null  and phone != ''">#{phone},</if>
            <if test="address != null  and address != ''">#{address},</if>
            <if test="isMember != null ">#{isMember},</if>
            <if test="memberDiscount != null ">#{memberDiscount},</if>
            <if test="registrationDate != null ">#{registrationDate},</if>
         </trim>
    </insert>

    <update id="updateUsers" parameterType="Users">
        update users
        <trim prefix="SET" suffixOverrides=",">
            <if test="username != null  and username != ''">username = #{username},</if>
            <if test="password != null  and password != ''">password = #{password},</if>
            <if test="email != null  and email != ''">email = #{email},</if>
            <if test="phone != null  and phone != ''">phone = #{phone},</if>
            <if test="address != null  and address != ''">address = #{address},</if>
            <if test="isMember != null ">is_member = #{isMember},</if>
            <if test="memberDiscount != null ">member_discount = #{memberDiscount},</if>
            <if test="registrationDate != null ">registration_date = #{registrationDate},</if>
        </trim>
        where user_id = #{userId}
    </update>

    <delete id="deleteUsersById" parameterType="Long">
        delete from users where user_id = #{userId}
    </delete>

    <delete id="deleteUsersByIds" parameterType="String">
        delete from users where user_id in 
        <foreach item="userId" collection="array" open="(" separator="," close=")">
            #{userId}
        </foreach>
    </delete>
    
</mapper>